Name,Latitude,Longitude,Maximum Temperature,Humidity,Cloudiness,Wind Speed,Date
Cape Town,-33.9258,18.4232,59.91800000000006,72,0,5.14,1658948018
Pevek,69.7008,170.3133,34.46599999999995,91,100,1.82,1658948305
Tuatapere,-46.1333,167.6833,43.93399999999997,95,100,0.73,1658948305
Chifeng,42.2683,118.9636,67.87399999999997,85,100,0.66,1658948306
Srednekolymsk,67.45,153.6833,40.73000000000002,73,83,3.85,1658948306
Crestview,30.7621,-86.5705,93.344,59,81,1.79,1658948306
Southbridge,42.0751,-72.0334,85.94599999999997,51,100,1.79,1658948307
Port Alfred,-33.5906,26.891,64.05799999999994,70,99,2.22,1658948307
Garissa,-0.4536,39.6401,74.858,64,69,9.18,1658948307
Klaksvík,62.2266,-6.589,52.71800000000002,85,100,5.61,1658948308
Mar del Plata,-38.0023,-57.5575,56.084,60,100,2.57,1658948115
Tasiilaq,65.6145,-37.6368,38.839999999999975,92,88,1.74,1658948308
Hailey,43.5196,-114.3153,87.99799999999999,27,17,3.13,1658948308
Geraldton,-28.7667,114.6,57.613999999999976,67,75,4.63,1658947718
Antalaha,-14.9003,50.2788,68.14400000000006,81,99,2.63,1658948192
Hithadhoo,-0.6,73.0833,81.82400000000001,76,100,4.49,1658947718
Punta Arenas,-53.15,-70.9167,41.10799999999995,65,75,13.38,1658947676
Avarua,-21.2078,-159.775,73.45400000000001,73,40,4.12,1658947718
Carauari,-4.8828,-66.8958,88.214,51,98,0.55,1658948309
Vestmannaeyjar,63.4427,-20.2734,52.79000000000002,100,100,7.72,1658947719
Rocha,-34.4833,-54.3333,71.18599999999998,76,93,3.32,1658947466
Mataura,-46.1927,168.8643,47.48000000000002,99,100,0.8,1658947719
Hong Kong,22.2855,114.1577,86.95400000000001,80,0,2.24,1658947523
Kanzakimachi-kanzaki,33.3,130.3667,82.00399999999996,63,18,0.85,1658948309
Verkhnyaya Inta,65.9811,60.3094,57.36200000000002,63,82,3.8,1658948309
Santa Maria da Boa Vista,-8.8078,-39.8256,87.80000000000001,29,28,4.76,1658948310
Manaus,-3.1019,-60.025,91.90400000000005,55,20,4.12,1658948310
Polignano a Mare,40.9959,17.2159,82.52600000000001,71,100,5.67,1658948310
Naze,28.3667,129.4833,77.91800000000006,84,99,7.94,1658947719
Kirakira,-10.4544,161.9205,77.39600000000002,85,39,2.4,1658947720
Bluff,-46.6,168.3333,47.80400000000003,88,100,5.35,1658947720
Nikolskoye,59.7035,30.7861,64.29199999999997,90,100,2.17,1658947720
Vostok,46.4856,135.8833,61.55599999999998,95,86,1.29,1658947721
Sept-Îles,50.2001,-66.3821,68.52199999999999,74,75,7.2,1658948311
Havelock,34.8791,-76.9013,96.74600000000004,75,85,5.81,1658948311
Ostrovnoy,68.0531,39.5131,64.18399999999991,80,100,8.63,1658947721
Kisangani,0.5167,25.2,71.45599999999996,95,100,1.21,1658948311
Chui,-33.6971,-53.4616,64.99400000000009,83,99,2.74,1658948312
Saint-Pierre,-21.3393,55.4781,69.90799999999996,82,0,2.57,1658948268
Kaitangata,-46.2817,169.8464,44.329999999999984,95,100,2.16,1658947722
Busselton,-33.65,115.3333,52.196000000000026,74,7,3.4,1658947722
Alamosa,37.4695,-105.87,76.85599999999994,33,99,2.3,1658948312
Puerto Ayora,-0.7393,-90.3518,78.76399999999995,90,71,4.02,1658947722
Saryg-Sep,51.5,95.6,47.26400000000001,86,100,1.46,1658948312
Padang,-0.9492,100.3543,77.12600000000003,83,78,1.85,1658948286
New Norfolk,-42.7826,147.0587,45.91399999999999,79,28,1.79,1658947723
Mayumba,-3.432,10.6554,70.82600000000008,85,81,2.65,1658947723
Rikitea,-23.1203,-134.9692,73.90400000000005,74,100,6.25,1658947723
Faanui,-16.4833,-151.75,78.27800000000008,76,17,9.39,1658947659
Albany,42.6001,-73.9662,81.35599999999994,51,100,0.52,1658947724
Saint Paul Harbor,57.79,-152.4072,56.714,62,0,5.14,1658947724
Ponta do Sol,32.6667,-17.1,76.71200000000005,75,0,2.79,1658947724
Peace River,56.2501,-117.286,84.50600000000003,44,40,2.06,1658948313
Dabat,12.9842,37.765,52.48399999999998,94,100,1.1,1658948313
San Quintín,30.4833,-115.95,73.90400000000005,67,56,5.78,1658948314
Upernavik,72.7868,-56.1549,39.97399999999999,83,100,1.22,1658947725
San Isidro,-12.1167,-77.05,62.18599999999998,77,100,4.63,1658948314
Lagan,45.3929,47.3707,75.03799999999995,62,99,3.09,1658948314
Ketchikan,55.3422,-131.6461,70.26800000000009,64,0,4.63,1658947725
Oodweyne,9.4092,45.064,78.56599999999997,37,66,8.82,1658948314
East London,-33.0153,27.9116,59.93599999999998,88,20,3.6,1658947657
Constitución,-35.3333,-72.4167,55.54400000000004,66,0,2.44,1658947707
Emerald,-23.5333,148.1667,40.333999999999946,70,0,4.67,1658948315
Mayo,38.8876,-76.5119,90.35599999999994,74,100,2.68,1658948245
Katsuura,35.1333,140.3,79.01600000000002,91,100,6.08,1658947725
Mount Darwin,-16.7725,31.5838,59.863999999999976,60,12,1.63,1658948315
Saldanha,-33.0117,17.9442,53.65400000000005,78,0,3.13,1658947726
Severo-Kuril'sk,50.6789,156.125,51.872000000000014,89,41,3.09,1658947726
Chimbote,-9.0853,-78.5783,67.02800000000008,73,46,5.45,1658948316
Jamestown,42.097,-79.2353,76.58600000000007,61,100,2.57,1658947433
Khatanga,71.9667,102.5,58.85599999999994,71,100,1.3,1658947658
Hilo,19.7297,-155.09,88.286,82,100,3.6,1658947658
Susanville,40.4163,-120.653,95.08999999999997,17,0,3.09,1658948036
Norden,53.6,7.2,60.94400000000002,63,100,5.54,1658948316
Thunder Bay,48.4001,-89.3168,75.18199999999996,50,75,3.6,1658948316
Saskylakh,71.9167,114.0833,63.536,93,99,6.07,1658947727
Nueva Concepción,14.2,-91.3,84.16400000000004,70,82,2.35,1658948317
Kununurra,-15.7667,128.7333,69.78199999999998,32,47,5.14,1658947727
Nichinan,31.6,131.3667,78.53000000000003,91,17,1.77,1658948317
Bharatpur,27.2167,77.4833,86.64799999999997,68,57,2.15,1658948318
Bathsheba,13.2167,-59.5167,88.41199999999998,93,40,8.23,1658947728
Yellowknife,62.456,-114.3525,66.72200000000004,59,75,1.54,1658947728
Suez,29.9737,32.5263,80.85200000000003,44,0,4.67,1658948318
Nome,64.5011,-165.4064,49.153999999999996,81,100,0.0,1658947719
Torbay,47.6666,-52.7314,70.57400000000001,88,100,5.14,1658947702
Barrow,71.2906,-156.7887,33.72800000000001,97,100,6.31,1658947657
Gigmoto,13.7796,124.39,80.29400000000004,87,100,2.03,1658948319
Ushuaia,-54.8,-68.3,42.45799999999997,56,40,1.03,1658947655
Kenai,60.5544,-151.2583,62.023999999999944,80,0,2.91,1658948319
Codrington,-38.2667,141.9667,45.62600000000003,76,72,2.73,1658947728
Fort Nelson,58.8053,-122.7002,72.98600000000005,56,40,4.63,1658947555
Mulchén,-37.7167,-72.2333,53.45599999999996,68,83,1.48,1658948319
Kavieng,-2.5744,150.7967,82.29199999999997,75,68,7.93,1658947675
Butaritari,3.0707,172.7902,81.392,75,0,7.68,1658947729
Chokurdakh,70.6333,147.9167,48.16399999999999,56,99,4.35,1658947729
Te Anau,-45.4167,167.7167,42.20599999999996,98,100,1.21,1658947729
Port Moresby,-9.4431,147.1797,76.42399999999992,88,40,5.66,1658948320
Esna,25.2934,32.554,93.21800000000002,12,0,5.19,1658948320
Fairbanks,64.8378,-147.7164,52.14199999999994,88,100,2.57,1658947617
Asău,46.4333,26.4,72.51800000000009,84,14,2.16,1658947730
Bambous Virieux,-20.3428,57.7575,71.22200000000004,94,75,4.63,1658947730
Dikson,73.5069,80.5464,41.48600000000005,94,94,6.26,1658947730
General Pico,-35.6566,-63.7568,50.30599999999998,88,100,7.53,1658948147
Forestville,38.8451,-76.875,90.41000000000003,66,75,2.57,1658948320
Hermanus,-34.4187,19.2345,55.79599999999999,80,0,5.15,1658947731
Taikang,46.8333,124.4167,72.77000000000004,89,100,3.45,1658948321
Coyhaique,-45.5752,-72.0662,48.146000000000015,29,20,2.06,1658947562
Nouakchott,18.0858,-15.9785,84.12799999999999,79,67,8.35,1658947731
Pisco,-13.7,-76.2167,64.45400000000001,77,20,4.63,1658947495
Anadyr,64.75,177.4833,45.103999999999985,87,75,8.0,1658948321
Aklavik,68.2191,-135.0107,58.42399999999992,45,46,8.17,1658947694
Mosal'sk,54.4881,34.9817,66.03799999999995,91,18,2.82,1658948321
Norman Wells,65.282,-126.8329,62.636000000000024,51,20,5.14,1658947679
Bethel,41.3712,-73.414,87.368,49,40,0.45,1658947461
Dakar,14.6937,-17.4441,86.12600000000003,74,75,5.14,1658948322
Saint-Augustin,51.226,-58.6502,64.63399999999996,77,99,1.91,1658947732
Port Elizabeth,-33.918,25.5701,58.315999999999974,86,0,3.09,1658947732
Bredasdorp,-34.5322,20.0403,51.00799999999998,91,0,3.11,1658947732
Castro,-24.7911,-50.0119,71.00600000000003,50,90,2.03,1658947733
Prince Rupert,54.3161,-130.3201,68.08999999999997,87,0,3.09,1658948109
Lakes Entrance,-37.8811,147.981,51.170000000000016,82,80,7.11,1658947733
Teguise,29.0605,-13.564,73.61599999999993,69,20,13.89,1658948322
Sambava,-14.2667,50.1667,67.65799999999996,88,8,3.89,1658947733
Cayenne,4.9333,-52.3333,85.08199999999994,1,75,2.57,1658947733
Atuona,-9.8,-139.0333,77.25200000000001,67,0,9.34,1658947734
Tuktoyaktuk,69.4541,-133.0374,55.39999999999992,67,100,9.26,1658947734
Tiksi,71.6872,128.8694,53.31200000000007,87,44,2.71,1658947690
Beringovskiy,63.05,179.3167,47.696000000000026,89,38,2.27,1658947734
Värnamo,57.186,14.04,61.05200000000008,86,56,0.45,1658948323
Klyuchi,52.2667,79.1667,70.61000000000007,52,24,5.08,1658947735
Āsosa,10.0667,34.5333,59.16199999999998,92,100,1.43,1658948323
Inverurie,57.2845,-2.3774,61.646000000000015,70,97,5.14,1658948323
Mahon,39.8885,4.2658,79.358,53,0,2.06,1658948276
Sinnamary,5.3833,-52.95,82.63399999999996,77,83,2.78,1658947735
Lorengau,-2.0226,147.2712,81.69800000000004,77,53,4.44,1658947735
Savinka,50.0785,47.0994,77.18,51,52,3.48,1658948324
Biak,-0.9131,122.8766,74.94800000000004,90,99,2.99,1658948085
Xucheng,20.35,110.1288,80.27600000000001,85,20,2.81,1658948324
Lebu,-37.6167,-73.65,54.283999999999935,73,44,4.99,1658947679
Thompson,55.7435,-97.8558,59.16199999999998,77,100,5.66,1658947695
Abéché,13.8292,20.8324,83.83999999999997,59,100,5.02,1658948325
San Cristobal,7.7669,-72.225,82.57999999999998,56,44,3.13,1658947714
Nizhniy Chir,48.3597,43.0865,72.608,64,99,3.34,1658948325
Lagoa,39.05,-27.9833,73.166,89,100,4.88,1658947736
Bucerías,20.75,-105.3333,88.988,61,100,1.54,1658948325
Ushtobe,45.2514,77.9838,80.56400000000002,16,30,3.2,1658948325
Westport,41.1415,-73.3579,88.30400000000003,55,100,0.89,1658948326
Labuhan,-6.8844,112.2051,76.28000000000003,86,13,2.78,1658948326
Egvekinot,66.3167,-179.1667,38.02999999999997,77,100,2.98,1658947736
Dukat,62.55,155.55,47.10200000000003,63,12,1.99,1658948326
Fomboni,-12.28,43.7425,75.88399999999996,74,7,5.81,1658948327
Honningsvåg,70.9821,25.9704,49.74799999999999,100,100,7.2,1658948327
Sarakhs,36.5449,61.1577,90.536,22,81,5.18,1658948327
Eureka,40.8021,-124.1637,72.19400000000002,76,54,2.24,1658948327
Airai,-8.9266,125.4092,51.18799999999999,83,54,1.86,1658947737
Qaanaaq,77.484,-69.3632,40.56800000000004,79,95,3.55,1658947737
Hobart,-42.8794,147.3294,46.25599999999997,81,75,3.6,1658947626
Altamira,-3.2033,-52.2064,84.86599999999993,59,95,1.81,1658948221
Cherskiy,68.75,161.3,45.94999999999993,62,27,1.18,1658947737
Leshan,29.5623,103.7639,73.7419999999999,95,72,0.23,1658948328
Inhambane,-23.865,35.3833,62.58199999999994,77,20,1.54,1658947738
Nishihara,26.1842,127.7558,81.68,89,0,3.09,1658948328
Laguna,38.421,-121.4238,90.96800000000002,47,0,2.57,1658947738
Zhanjiang,21.2815,110.3427,80.36599999999993,87,5,2.95,1658948329
Charyshskoye,51.3978,83.5598,58.17199999999997,84,9,2.13,1658948329
Mahébourg,-20.4081,57.7,71.25799999999998,94,75,4.63,1658947739
São Félix do Xingu,-6.6447,-51.995,94.62200000000001,23,1,2.04,1658948049
Diego de Almagro,-26.3667,-70.05,75.416,17,6,3.37,1658948329
Souillac,-20.5167,57.5167,68.37799999999999,94,75,4.63,1658947685
Vaini,-21.2,-175.2,69.96200000000005,100,20,1.54,1658947739
Lompoc,34.6391,-120.4579,75.344,74,20,3.6,1658947671
Qaqortoq,60.7167,-46.0333,44.636000000000024,80,30,3.48,1658948330
Saint-Philippe,-21.3585,55.7679,66.21800000000002,75,5,2.61,1658947739
Koslan,63.4564,48.8989,59.32400000000001,64,71,2.51,1658947740
Kapaa,22.0752,-159.319,80.58199999999994,74,20,4.63,1658947740
Dubinino,55.6192,89.0911,56.641999999999996,85,99,1.4,1658948330
Olinda,-8.0089,-34.8553,80.32999999999998,69,40,6.17,1658948330
Khandyga,62.6667,135.6,62.31200000000007,92,5,0.52,1658948331
Maamba,-17.3667,27.15,60.45799999999991,57,0,1.82,1658948331
San Juan Bautista,-14.0108,-75.7358,78.33199999999994,32,8,1.79,1658948331
Palestine,31.9216,35.2033,74.35399999999998,67,0,2.02,1658948139
Wake Forest,35.9799,-78.5097,95.108,64,40,4.12,1658948186
Carnarvon,-24.8667,113.6333,69.53000000000003,53,100,0.67,1658947741
Port Hardy,50.6996,-127.4199,68.18,77,0,2.06,1658947741
Sisimiut,66.9395,-53.6735,46.273999999999944,79,67,4.57,1658948332
Santa Maria da Vitória,-13.3947,-44.1886,86.108,23,0,3.3,1658948332
Cabo San Lucas,22.8909,-109.9124,92.49799999999999,70,16,1.79,1658947741
Deming,32.2687,-107.7586,80.762,46,56,2.27,1658948332
Semīrom,31.4167,51.5667,74.60599999999994,26,97,1.39,1658948333
Xapuri,-10.6517,-68.5044,97.62799999999999,27,53,1.13,1658948333
Zeya,53.75,127.2667,66.59600000000006,99,100,2.01,1658948333
Vila Velha,-20.3297,-40.2925,78.74600000000004,70,20,3.6,1658948333
Dunedin,-45.8742,170.5036,45.355999999999995,93,100,4.05,1658948334
Vagay,57.9375,69.0217,60.547999999999945,69,100,4.24,1658948334
Bengkulu,-3.8004,102.2655,76.06400000000002,86,25,1.16,1658947742
Okhotsk,59.3833,143.3,58.136000000000024,88,100,1.76,1658947743
Nhulunbuy,-12.2333,136.7667,72.21200000000005,88,12,3.6,1658948334
Xunchang,28.4543,104.715,72.392,85,99,1.17,1658947743
Vitim,59.4511,112.5578,64.34600000000006,98,54,0.76,1658948335
Yārāda,17.65,83.2667,80.92399999999992,94,20,1.03,1658948335
Esperance,-33.8667,121.9,53.88799999999998,79,12,6.01,1658947744
Angoche,-16.2325,39.9086,71.18599999999998,64,2,3.94,1658948335
Provideniya,64.3833,-173.3,46.057999999999936,78,100,2.95,1658948336
Umluj,25.0213,37.2685,90.13999999999993,44,95,2.1,1658948336
Binabalian Ricor,16.4202,119.9279,82.88600000000002,78,100,3.15,1658948336
Taltal,-25.4,-70.4833,64.56200000000007,70,91,2.76,1658947744
Maun,-19.9833,23.4167,62.56400000000002,39,0,1.03,1658948337
Shenjiamen,29.9576,122.298,79.88000000000005,91,32,6.98,1658948337
Saint George,37.1041,-113.5841,93.632,44,0,1.79,1658947745
Arrondissement de Soissons,49.3333,3.3333,70.41199999999998,32,100,3.11,1658948337
Maceió,-9.6658,-35.7353,80.04199999999997,73,75,3.6,1658947745
North Bend,43.4065,-124.2243,78.2419999999999,100,81,0.89,1658948338
Manaure,11.7751,-72.4445,89.92399999999992,50,92,7.19,1658948338
Ancud,-41.8697,-73.8203,55.21999999999997,76,14,1.24,1658947698
Nœux-les-Mines,50.4801,2.6657,69.81800000000004,67,100,5.76,1658948339
Moerai,-22.4333,-151.3333,71.54599999999999,68,39,11.49,1658948339
Fundão,-19.9341,-40.4047,78.33199999999994,48,0,3.43,1658948339
Katastari,37.8333,20.7667,80.4919999999999,75,9,1.61,1658948340
Ribeira Grande,38.5167,-28.7,77.39600000000002,83,75,8.23,1658947746
Mossamedes,-15.1961,12.1522,66.82999999999998,82,100,5.14,1658947746
Monteagudo,-19.8167,-63.9833,88.96999999999997,25,93,3.21,1658948340
Şabyā,17.1495,42.6254,85.62200000000001,58,96,2.48,1658948341
Blackfoot,43.1905,-112.345,90.05000000000001,13,11,3.54,1658948341
Deputatsky,69.3,139.9,48.25400000000002,59,100,1.53,1658947747
Karratha,-20.7377,116.8463,68.594,57,9,3.01,1658947748
Nicolás Ruiz,16.4,-92.5333,81.41000000000003,66,82,1.5,1658948341
Rock Springs,41.5875,-109.2029,87.2419999999999,23,78,0.45,1658948342
Basco,20.4487,121.9702,85.42399999999992,73,96,4.75,1658948342
Lodja,-3.4833,23.4333,78.27800000000008,61,93,1.4,1658948343
Coquimbo,-29.9533,-71.3436,58.72999999999996,82,20,5.14,1658947664
Lata,40.1629,-8.3327,68.81,53,0,3.33,1658947749
Along,28.1667,94.7667,73.48999999999995,98,80,0.54,1658948343
Samfya,-11.3649,29.5565,63.77000000000004,42,64,2.38,1658948344
Yanam,16.7333,82.2167,78.85399999999998,88,91,0.7,1658948344
Hasaki,35.7333,140.8333,77.39600000000002,90,100,6.98,1658947749
Teya,60.3778,92.6267,59.79199999999997,80,100,0.91,1658947750
Naliya,23.2667,68.8333,81.78799999999995,82,100,6.1,1658948344
Dul'durga,50.6761,113.5931,54.35599999999994,93,100,2.8,1658948345
Guatire,10.4762,-66.5427,79.12399999999997,88,88,1.69,1658948330
Mineiros,-17.5694,-52.5511,88.214,17,0,0.44,1658948345
College,64.8569,-147.8028,52.12399999999997,87,100,2.57,1658947750
Ürümqi,43.801,87.6005,79.75399999999996,30,0,4.0,1658948345
Cidreira,-30.1811,-50.2056,65.24600000000004,76,97,3.11,1658947751
Hambantota,6.1241,81.1185,73.7419999999999,100,75,0.51,1658947752
Mbeya,-8.9,33.45,52.807999999999936,85,23,2.94,1658948346
Ambulu,-8.345,113.6058,72.37399999999997,90,24,1.88,1658948346
Berlevåg,70.8578,29.0864,62.40199999999999,94,75,6.17,1658948346
Ilo,-17.6394,-71.3375,63.464,72,75,4.63,1658948347
Baykit,61.67,96.37,62.132000000000005,98,100,0.95,1658947752
Kahului,20.8947,-156.47,80.834,66,20,6.69,1658947458
Kholmy,51.871,32.6006,66.46999999999997,75,87,2.29,1658948347
Pleshanovo,52.8333,53.4833,68.32400000000001,82,87,1.52,1658948348
Ossora,59.2353,163.0719,54.122000000000014,81,100,3.6,1658948348
Ajdabiya,30.7554,20.2263,80.72600000000006,68,0,6.93,1658948348
Omsukchan,62.5333,155.8,49.315999999999974,61,33,2.18,1658948348
Novopokrovka,49.8425,36.5477,70.07,65,0,2.05,1658948349
Great Yarmouth,52.6083,1.7305,64.65199999999999,67,100,4.14,1658948349
Fairlie,55.756,-4.8556,63.22999999999996,76,100,1.02,1658948349
Coahuayana Viejo,18.7333,-103.6833,90.75200000000001,50,91,2.73,1658947754
Evensk,61.95,159.2333,49.19,72,100,4.85,1658948350
Yar-Sale,66.8333,70.8333,54.64400000000006,64,1,3.44,1658947754
St. George's,12.0564,-61.7485,82.07600000000008,83,75,7.72,1658948176
Sioux Lookout,50.1001,-91.917,71.67199999999997,56,75,4.12,1658947656
Yerbogachën,61.2767,108.0108,60.476000000000056,89,100,2.27,1658948090
Fuerte Olimpo,-21.0415,-57.8738,97.64600000000002,14,11,3.43,1658948350
Fortuna,40.5982,-124.1573,71.92399999999992,74,28,1.34,1658947755
Kachīry,53.0675,76.1036,72.55400000000003,49,100,3.67,1658948351
Margate,51.3813,1.3862,63.896000000000015,69,100,1.79,1658948351
La Ferté-Bernard,48.1863,0.6536,74.82199999999995,32,63,0.58,1658948351
Rørvik,64.8621,11.2373,51.78199999999998,81,75,3.6,1658948352
Kosamba,21.4833,72.95,82.11200000000002,89,100,3.34,1658948352
Hualmay,-11.0964,-77.6139,66.97399999999999,72,14,6.14,1658947755
Muros,42.7762,-9.0603,75.68599999999998,53,100,6.33,1658948352
Nālūt,30.3333,10.85,91.61599999999993,12,0,4.71,1658948353
Seddon,-37.8068,144.8916,51.74599999999998,90,75,3.6,1658948353
Moranbah,-22.0016,148.0466,46.597999999999956,55,0,4.99,1658948126
Praia da Vitória,38.7333,-27.0667,78.76399999999995,83,75,2.64,1658948354
Atasū,48.6814,71.6433,76.94599999999997,34,73,2.44,1658948354
Wanaka,-44.7,169.15,42.115999999999985,96,100,0.89,1658947756
Kanhangad,12.3081,75.1063,78.49400000000009,89,84,3.4,1658948354
Tahoua,14.8888,5.2692,92.73200000000003,40,97,8.52,1658948355
Merke,42.8728,73.1786,81.1760000000001,36,21,2.4,1658948355
Mahenge,-8.6833,36.7167,66.75799999999998,48,100,1.42,1658948355
Sechura,-5.5569,-80.8222,77.28799999999995,58,12,5.29,1658948356
Amantea,39.1332,16.0746,82.34600000000006,80,0,2.68,1658948356
Bandarbeyla,9.4942,50.8122,76.85599999999994,84,6,13.79,1658947721
Port Augusta,-32.5,137.7667,42.313999999999965,61,13,0.91,1658948356
Los Llanos de Aridane,28.6585,-17.9182,71.34800000000001,78,0,8.23,1658947757
Mandalgovi,45.7625,106.2708,59.97200000000004,52,100,5.12,1658948357
Avera,33.194,-82.5271,94.51399999999995,31,100,3.47,1658948159
Flums,47.0906,9.343,74.55200000000008,93,41,0.69,1658948357
Springdale,36.1867,-94.1288,101.714,39,78,4.47,1658948357
Rundu,-17.9333,19.7667,63.71599999999995,27,7,3.2,1658948358
Vizinga,61.0749,50.1031,57.73999999999995,64,8,1.57,1658948358
Vardø,70.3705,31.1107,64.382,72,0,7.2,1658948358
Clyde River,70.4692,-68.5914,41.233999999999924,100,100,2.57,1658948359
Verkhoshizhem'ye,58.011,49.1038,58.85599999999994,71,96,1.62,1658948359
Panabá,21.2833,-88.2667,93.86599999999993,44,74,6.1,1658948359
Gautier,30.3858,-88.6117,93.57800000000003,69,15,4.12,1658948360
Arrecife,28.963,-13.5477,76.98200000000003,69,20,13.89,1658948360
Verāval,20.9,70.3667,81.32,84,100,4.77,1658948360
Butembo,0.15,29.2833,58.622000000000014,93,89,0.67,1658948111
Le Port,-20.9373,55.2919,71.56400000000002,65,34,2.32,1658948361
Kavaratti,10.5669,72.642,80.63600000000002,80,100,8.43,1658948362
Luangwa,-15.6167,30.4167,64.04000000000002,70,4,1.01,1658948362
Iqaluit,63.7506,-68.5145,56.93000000000001,54,20,2.06,1658948081
Hohhot,40.8106,111.6522,55.688000000000045,94,0,1.0,1658948362
Gari,59.4307,62.3497,56.065999999999974,78,39,1.89,1658948363
Sitka,57.0531,-135.33,65.66000000000003,50,14,2.31,1658948363
Pochtovoye,44.8311,33.9545,71.51000000000005,69,4,2.16,1658948363
San Miguel de Cozumel,20.5083,-86.9458,87.87200000000001,81,75,5.14,1658948364
Kassala,15.451,36.4,71.87000000000006,87,100,4.39,1658948364
Khani,41.9563,42.9566,62.16800000000006,96,35,0.65,1658948364
Lafia,8.4833,8.5167,75.97399999999999,87,100,1.57,1658948365
Jalu,29.0331,21.5482,91.04000000000002,22,0,7.84,1658948365
Pangody,65.85,74.4859,53.18599999999998,66,100,2.9,1658948365
Lawrenceburg,38.0373,-84.8966,88.53799999999995,75,75,3.09,1658948366
Tilichiki,60.4667,166.1,44.92399999999998,85,66,3.74,1658948366
Tezu,27.9167,96.1667,75.45200000000006,97,91,1.27,1658948366
São Filipe,14.8961,-24.4956,80.14999999999992,83,56,1.34,1658948367
Powell,40.1578,-83.0752,80.11399999999998,86,75,4.12,1658948367
Poum,-20.2333,164.0167,72.1760000000001,76,95,7.75,1658948367
Birjand,32.8663,59.2211,88.26800000000009,18,20,6.17,1658948367
At-Bashi,41.1702,75.8106,62.797999999999945,43,0,0.37,1658948368
Khulo,41.644,42.3129,58.51399999999995,94,11,0.68,1658948368
Dajal,29.5577,70.3762,94.262,54,100,0.03,1658948368
Roald,62.5833,6.1333,55.90400000000005,82,75,3.09,1658948369
Maridi,4.9158,29.4742,67.63999999999993,97,100,0.59,1658948369
San Jose,37.3394,-121.895,83.53399999999993,56,0,0.0,1658948118
Konstantinovka,49.6167,127.9833,68.05400000000003,75,96,2.2,1658948369
Cap Malheureux,-19.9842,57.6142,71.47399999999999,73,24,2.24,1658948370
Chapais,49.7834,-74.8492,73.18399999999991,43,95,1.53,1658948370
Rybachiy,48.7073,44.7449,76.85599999999994,53,93,4.45,1658948370
Touros,-5.1989,-35.4608,80.09600000000006,71,4,7.26,1658948209
Belmonte,-15.8631,-38.8828,75.36200000000002,64,2,3.55,1658948371
Noumea,-22.2763,166.4572,69.00799999999998,99,50,1.35,1658948371
Lavrentiya,65.5833,-171.0,42.02600000000007,81,100,3.49,1658948371
Havre-St-Pierre,50.2334,-63.5986,62.96000000000009,77,100,6.17,1658948371
Riyadh,24.6877,46.7219,100.54400000000004,11,100,7.31,1658948332
Olbia,40.9214,9.4856,86.05400000000003,32,0,6.17,1658948372
Keuruu,62.2667,24.7,60.97999999999996,93,93,2.66,1658948372
Peniche,39.3558,-9.3811,71.29400000000004,79,0,8.5,1658948372
Tagusao,9.1924,117.8141,80.72600000000006,83,83,3.13,1658948373
Raudeberg,61.9875,5.1352,54.26600000000002,72,52,4.21,1658948373
Tsarychanka,48.937,34.4786,74.33600000000007,53,100,1.23,1658948373
Krasnosel'kup,65.7,82.4667,54.24799999999999,87,100,7.5,1658948373
Doka,13.5167,35.7667,72.21200000000005,90,100,2.47,1658948374
Mehamn,71.0357,27.8492,53.51000000000005,100,100,3.09,1658948082
Kampene,-3.6,26.6667,75.23600000000005,49,94,0.35,1658948374
Leningradskiy,69.3833,178.4167,36.860000000000014,87,98,0.75,1658948374
Beloha,-25.1667,45.05,61.358000000000004,76,0,2.6,1658948375
Hirara,24.8,125.2833,84.75799999999998,75,14,4.59,1658948375
North Platte,41.1239,-100.7654,88.61000000000007,35,23,4.26,1658948375
Husavik,66.0449,-17.3389,60.29599999999999,68,100,7.64,1658948376
Kyshtovka,56.555,76.6271,61.88000000000005,95,100,2.94,1658948376
Ulaanbaatar,47.9077,106.8832,46.52600000000007,87,20,1.0,1658948376
Tazmalt,36.3868,4.3989,85.91000000000003,42,0,2.56,1658948376
Sørland,67.667,12.6934,49.855999999999995,80,90,8.51,1658948377
Ust'-Koksa,50.2696,85.6108,52.73600000000005,79,0,0.14,1658948377
Nelson Bay,-32.7167,152.15,51.00799999999998,84,21,4.47,1658948377
Aykhal,66.0,111.5,66.39799999999997,80,22,1.47,1658948378
Birao,10.2849,22.7882,72.71599999999995,91,100,2.76,1658948232
Setermoen,68.861,18.3486,51.44,90,100,0.89,1658948378
Lincoln,40.8,-96.667,88.26800000000009,46,0,1.79,1658948275
Oranjemund,-28.55,16.4333,54.03199999999998,89,0,4.31,1658948378
San Patricio,28.017,-97.5169,94.17199999999997,45,100,6.82,1658948233
Hobyo,5.3505,48.5268,76.19,79,100,12.09,1658948339
Shakawe,-18.3667,21.85,62.599999999999966,27,0,2.9,1658948379
Maniitsoq,65.4167,-52.9,43.26800000000003,88,47,6.43,1658948379
Clonakilty,51.6231,-8.8706,60.09800000000001,71,22,4.2,1658948379
Midland,31.9974,-102.0779,100.79599999999999,32,0,4.92,1658947984
Jorhāt,26.75,94.2167,76.24400000000009,95,43,1.31,1658948379
Vanimo,-2.6741,141.3028,76.98200000000003,90,45,2.42,1658948380
Covington,39.0837,-84.5086,83.714,88,75,4.63,1658948180
Kpandae,8.4689,-0.0113,78.85399999999998,77,100,2.37,1658948380
Antofagasta,-23.65,-70.4,60.079999999999984,75,55,5.02,1658948143
Bariloche,-41.1456,-71.3082,44.347999999999956,76,40,6.69,1658948149
Sumbe,-11.2061,13.8437,69.00799999999998,86,81,2.25,1658948380
Port Lincoln,-34.7333,135.8667,50.28800000000001,86,72,3.52,1658948381
Adrar,20.5022,-10.0711,108.35599999999994,8,4,8.7,1658948265
Chardara,41.2547,67.9692,81.80599999999998,32,0,4.85,1658948381
Lensk,60.7253,114.9278,68.34199999999993,80,0,0.73,1658948381
Talcahuano,-36.7167,-73.1167,56.87600000000003,72,40,6.17,1658948382
George Town,5.4112,100.3354,80.52800000000008,90,40,1.54,1658948250
Atar,20.5169,-13.0499,107.97800000000001,11,0,5.85,1658948151
Syracuse,37.0881,15.2792,83.57,69,0,2.09,1658948382
Villa del Rosario,7.8339,-72.4742,88.17800000000005,55,40,5.66,1658948382
Binga,-17.6203,27.3414,63.608000000000004,62,0,1.49,1658948383
Eyl,7.9803,49.8164,77.37799999999999,75,100,10.86,1658948383
Oksovskiy,62.6062,39.8984,64.32800000000003,92,18,2.23,1658948383
Nhamundá,-2.1861,-56.7131,85.22600000000006,63,100,0.52,1658948384
Baharly,38.4362,57.4316,88.23200000000003,30,1,1.52,1658948384
Bulolo,-7.2,146.65,67.60399999999998,98,100,0.89,1658948384
Soller,39.7662,2.7152,83.858,63,56,0.93,1658948384
Westerland,54.9079,8.3033,59.018000000000086,67,100,7.2,1658948385
Ntoum,0.3833,9.7833,74.642,81,94,2.72,1658948385
Ayan,56.45,138.1667,57.77600000000001,87,100,2.21,1658948385
Mago,53.2514,140.1822,53.65400000000005,96,0,1.38,1658948386
Killybegs,54.6333,-8.45,62.31200000000007,70,100,1.18,1658948386
Hemsedal,60.8629,8.5534,59.32400000000001,59,84,1.51,1658948386
Kosh-Agach,50.0,88.6667,51.27800000000002,57,100,1.23,1658948387
Dzaoudzi,-12.7887,45.2699,75.09199999999993,83,20,2.57,1658948387
Ligayan,4.6533,119.4706,82.47200000000004,74,100,1.6,1658948387
Makkah al Mukarramah,21.4267,39.8261,95.39600000000002,35,100,2.86,1658948179
Kiryat Gat,31.61,34.7642,82.81400000000002,100,0,3.15,1658948387
Chhatarpur,24.9,79.6,79.64600000000002,83,79,2.6,1658948388
Zaysan,47.4667,84.8667,70.68199999999996,25,0,4.68,1658948388
Comodoro Rivadavia,-45.8667,-67.5,44.45599999999996,65,20,9.77,1658948388
Staryy Nadym,65.6118,72.6842,50.59400000000005,77,7,1.4,1658948389
Kupang,-10.1667,123.5833,74.53399999999993,74,28,6.21,1658948389
Dobryanka,58.4619,56.4165,56.533999999999935,74,5,1.57,1658948389
Francisco Sá,-16.4758,-43.4883,77.14400000000006,34,0,3.81,1658948389
Knysna,-34.0363,23.0471,55.579999999999984,82,0,2.36,1658948390
São Joaquim,-28.2939,-49.9317,61.73600000000005,65,99,1.81,1658948390
Sur,22.5667,59.5289,82.20200000000006,72,17,9.02,1658948390
Carballo,43.213,-8.691,73.00399999999996,72,100,1.72,1658948391
Karasjok,69.4719,25.5112,56.03000000000003,84,93,7.53,1658948391
Houma,29.5958,-90.7195,93.9919999999999,67,39,3.58,1658948391
Wick,58.4333,-3.0833,57.25399999999996,77,75,1.54,1658948391
Chengde,40.9725,117.9361,67.63999999999993,97,100,1.05,1658948392
San Ramon,37.7799,-121.978,82.29199999999997,52,0,4.92,1658948370
Sola,-13.8833,167.55,79.80799999999994,79,100,4.39,1658948392
Port Blair,11.6667,92.75,80.63600000000002,89,40,1.03,1658948392
Nouadhibou,20.931,-17.0347,78.78199999999998,78,1,10.29,1658948118
Olavarría,-36.8927,-60.3225,54.01399999999995,92,100,3.9,1658948393
Pechenga,69.5259,31.1703,61.61000000000007,84,100,5.44,1658948393
Manavālakurichi,8.1333,77.3,77.882,85,91,4.35,1658948393
Antsohihy,-14.8796,47.9875,66.95599999999996,83,4,1.15,1658948394
Ust-Kuyga,70.0167,135.6,66.00200000000001,61,46,2.29,1658948394
Olafsvik,64.8945,-23.7142,51.69199999999995,87,100,7.43,1658948394
Ust-Nera,64.5667,143.2,58.69400000000002,67,9,2.47,1658948394
Bridlington,54.0831,-0.1919,63.896000000000015,75,100,8.2,1658948233
San Vicente,-26.6167,-54.1333,78.83600000000007,42,99,1.7,1658948395
Suntar,62.1444,117.6319,70.86200000000002,83,0,2.23,1658948395
Safi,32.2994,-9.2372,73.05799999999994,74,0,9.1,1658948395
Mogok,22.9167,96.5,67.51399999999995,89,100,0.85,1658948396
Russell,32.3502,-85.1999,94.964,55,20,2.06,1658948396
Grants Pass,42.439,-123.3284,96.18800000000005,39,0,0.0,1658948375
Takoradze,4.8845,-1.7554,75.9919999999999,86,100,6.01,1658948396
Independence,39.0911,-94.4155,83.94800000000004,71,75,3.09,1658948221
Lékoni,-1.5843,14.2591,83.60599999999994,38,100,0.53,1658948397
Ibrā’,22.6906,58.5334,78.40400000000005,72,71,4.79,1658948397
Harrismith,-28.2728,29.1295,47.10200000000003,86,94,2.58,1658948397
Tautira,-17.7333,-149.15,76.56800000000004,76,100,10.54,1658948397
Mount Isa,-20.7333,139.5,49.76599999999996,40,0,1.54,1658948398
Puerto Baquerizo Moreno,-0.9,-89.6,74.38999999999993,73,20,6.69,1658948398
Niquelândia,-14.4739,-48.4597,87.47600000000006,18,0,3.08,1658948399
Flinders,-34.5833,150.8552,55.18399999999991,68,1,5.81,1658948399
Nadym,65.5333,72.5167,49.87399999999997,77,7,1.21,1658948399
Dicabisagan,17.0818,122.4157,78.83600000000007,89,100,1.99,1658948399
Wellsford,-36.2833,174.5167,55.093999999999994,95,15,3.27,1658948400
Gizo Government Station,-8.103,156.8419,81.08600000000007,76,43,5.09,1658948400
Grand Gaube,-20.0064,57.6608,71.38399999999996,73,19,2.24,1658948400
Najrān,17.4924,44.1277,84.81200000000007,38,100,3.36,1658948401
Lamar,33.6668,-95.5836,104.98999999999995,28,55,3.91,1658948401
La Rioja,42.25,-2.5,71.38399999999996,58,0,2.34,1658948402
Henties Bay,-22.116,14.2845,55.45400000000001,77,4,3.03,1658948403
Petropavlovsk-Kamchatskiy,53.0452,158.6483,50.59400000000005,100,40,2.0,1658948403
Ewo,-0.8725,14.8206,80.42000000000002,54,21,2.19,1658948404
Arraial do Cabo,-22.9661,-42.0278,71.65400000000005,80,0,8.96,1658948404
Kumul,42.8,93.45,85.08199999999994,14,68,2.17,1658948405
Shingū,33.7333,135.9833,76.91000000000003,93,8,1.5,1658948405
Zhigansk,66.7697,123.3711,63.98600000000005,69,8,1.07,1658948406
Praia,14.9215,-23.5087,81.80599999999998,76,39,3.8,1658948406
Imbituba,-28.24,-48.6703,74.858,79,100,5.36,1658948407
Sabang,5.8933,95.3214,81.03199999999998,74,100,2.27,1658948160
Camingawan,9.9036,122.8417,77.46800000000002,91,100,0.96,1658948407
Boralday,43.3578,76.8594,84.05599999999998,30,100,2.0,1658948408
Pombas,17.1503,-25.0201,77.14400000000006,83,9,3.76,1658948409
Stornoway,58.2093,-6.3865,57.920000000000016,83,75,0.51,1658948409
Balagunan,7.4922,125.5211,74.35399999999998,91,100,1.01,1658948410
Diu,20.7141,70.9822,80.78000000000003,85,91,4.92,1658948410
Two Rivers,44.1539,-87.5693,82.36399999999998,62,1,1.34,1658948411
Shiyan,32.6475,110.7781,72.84199999999993,92,66,1.62,1658948411
Isangel,-19.55,169.2667,74.69599999999997,90,100,4.54,1658948412
Batagay,67.6333,134.6333,63.96800000000002,68,14,0.3,1658948414
Érsekcsanád,46.2535,18.9846,81.21200000000005,28,100,3.63,1658948414
Vrangel',42.7297,133.0839,68.36000000000007,95,100,2.62,1658948415
Stephenville,32.2207,-98.2023,100.92199999999997,27,40,3.6,1658948403
Caravelas,-17.7125,-39.2481,75.30799999999994,65,0,2.66,1658948415
Hamilton,39.1834,-84.5333,83.24600000000004,83,75,3.6,1658948327
Kargasok,59.0556,80.8572,61.89799999999997,97,50,3.77,1658948416
Dongsheng,39.8161,109.9776,63.37399999999997,69,0,4.41,1658948416
Sindor,62.8629,51.8905,56.98399999999998,69,56,2.07,1658948417
Alice Springs,-23.7,133.8833,29.749999999999943,64,0,1.54,1658948382
Rabo de Peixe,37.8,-25.5833,74.714,83,20,8.23,1658948418
Tongchuanshi,35.0806,109.0897,67.94599999999997,68,0,1.82,1658948419
Kerman,30.2832,57.0788,81.13999999999993,47,100,0.22,1658948419
Sakakah,29.9697,40.2064,94.82,11,0,2.43,1658948420
Terme,41.2092,36.9739,68.68399999999991,81,0,1.89,1658948420
Malacacheta,-17.8422,-42.0767,71.92399999999992,49,9,3.53,1658948421
Las Vegas,36.175,-115.1372,96.2419999999999,37,20,1.79,1658948151
São Gabriel da Cachoeira,-0.1303,-67.0892,81.08600000000007,84,89,0.98,1658948421
Churapcha,62.0025,132.4325,64.34600000000006,75,9,0.4,1658948422
Waukesha,43.0333,-88.3001,81.30200000000008,66,75,4.12,1658948422
Volksrust,-27.3654,29.8818,48.64999999999998,86,100,2.36,1658948423
Bermeo,43.4209,-2.7215,71.79799999999994,65,0,3.12,1658948423
Marietta,33.9526,-84.5499,92.74999999999994,60,49,4.47,1658948400
Abalak,58.1286,68.5944,59.018000000000086,70,100,4.18,1658948424
Lyubech,51.7026,30.6569,67.04599999999999,91,62,3.25,1658948424
Launceston,-41.45,147.1667,44.14999999999998,91,40,1.03,1658948425
Collierville,35.042,-89.6645,97.71800000000002,62,75,4.12,1658948425
Rio Grande,-32.035,-52.0986,75.30799999999994,83,33,2.41,1658948203
Palmerston,-12.486,130.9833,69.78199999999998,65,6,2.57,1658948425
Namatanai,-3.6667,152.4333,78.53000000000003,79,96,4.39,1658948426
Seydi,39.4816,62.9137,88.53799999999995,22,5,6.88,1658948426
Athabasca,54.7169,-113.2854,77.41400000000004,53,59,2.11,1658948160
Vyazemskiy,47.5378,134.7525,67.94599999999997,95,100,1.1,1658948427
Alofi,-19.0595,-169.9187,67.892,94,5,2.57,1658948270
Mhlume,-26.0333,31.85,63.698000000000036,56,2,0.73,1658948427
Taoudenni,22.6783,-3.9836,107.97800000000001,6,0,6.81,1658948428
Tabas,33.5959,56.9244,98.34800000000001,21,68,4.2,1658948428
Tegul'det,57.3064,88.1667,55.00399999999996,90,97,1.57,1658948428
Frontera,26.9333,-101.45,94.31599999999997,40,100,1.34,1658948429
Inírida,3.8653,-67.9239,84.19999999999999,66,61,1.13,1658948429
Bloemfontein,-29.1211,26.214,49.47800000000001,81,75,4.12,1658948269
São João da Barra,-21.6403,-41.0511,78.88999999999993,66,0,5.52,1658948299
Flin Flon,54.7682,-101.865,65.87600000000003,53,91,5.36,1658948430
Worland,44.0169,-107.9554,87.67399999999992,41,0,1.34,1658948204
Sibu,2.3,111.8167,75.50600000000003,94,40,0.51,1658948130
Viedma,-40.8135,-62.9967,49.73000000000002,91,100,7.32,1658948430
Karakol,42.4907,78.3936,68.108,36,78,1.99,1658948431
Waingapu,-9.6567,120.2641,73.90400000000005,88,7,5.7,1658948431
Half Moon Bay,37.4636,-122.4286,80.14999999999992,72,100,3.6,1658948424
Kizema,61.113,44.8302,63.77000000000004,86,7,2.23,1658948432
Roblin,51.23,-101.3565,63.24799999999999,67,22,7.05,1658948432
Birobidzhan,48.8,132.95,66.73999999999995,99,100,1.54,1658948433
Yulara,-25.2406,130.9889,42.476000000000056,39,0,3.82,1658948433
Matagami,49.7502,-77.6328,69.512,59,100,4.46,1658948433
Amga,60.8953,131.9608,61.89799999999997,80,35,0.36,1658948434
Tutóia,-2.7619,-42.2744,82.90400000000005,64,24,4.04,1658948434
Kralendijk,12.15,-68.2667,80.65400000000005,78,9,7.44,1658948297
Reyes,-14.3167,-67.3833,92.96599999999995,37,83,0.52,1658948434
Irbeyskoye,55.6428,95.4522,51.24199999999996,89,6,0.87,1658948435
Gijang,35.2442,129.2139,74.74999999999994,91,23,4.44,1658948435
Nurota,40.5614,65.6886,83.87600000000003,23,0,4.78,1658948436
Strezhevoy,60.7333,77.5889,56.786,74,100,3.86,1658948210
Outjo,-20.1167,16.15,66.81200000000007,27,12,3.11,1658948436
Lere,10.387,8.5726,70.30400000000003,94,100,2.34,1658948437
Heilbron,-27.2812,27.9709,54.80599999999998,63,100,1.57,1658948437
Qurayyat,31.3318,37.3428,88.66400000000004,13,0,4.59,1658948438
Gimli,50.6336,-96.9907,60.67399999999992,80,100,7.65,1658948344
Dubbo,-32.25,148.6167,39.32600000000002,91,100,0.0,1658948438
Barabai,-2.5833,115.3833,72.77000000000004,98,89,0.83,1658948439
Izhma,65.0083,53.9113,60.80000000000001,57,92,2.48,1658948439
Grindavik,63.8424,-22.4338,52.26800000000003,100,100,7.72,1658948440
Kieta,-6.2167,155.6333,77.82800000000003,82,26,3.79,1658948315
Kasama,-10.2129,31.1808,60.853999999999985,50,11,2.79,1658948440
Maragogi,-9.0122,-35.2225,76.31599999999997,79,27,4.06,1658948440
San Pedro de Macorís,18.4616,-69.2972,79.59199999999993,77,90,3.54,1658948441
Kutum,14.2,24.6667,66.59600000000006,83,100,4.7,1658948441
Ternovka,51.678,41.6375,73.11200000000002,64,99,1.71,1658948441
Canlaon,10.3864,123.1964,70.64600000000002,92,100,1.88,1658948442
Beidao,34.5686,105.8933,65.46200000000005,72,0,1.33,1658948442
Tres Picos,15.8667,-93.5333,84.344,79,100,2.21,1658948442
Bayangol,50.6977,103.4656,47.353999999999985,82,100,1.22,1658948443
Samarai,-10.6167,150.6667,78.2419999999999,87,100,7.09,1658948443
Dwārka,22.2394,68.9678,81.77000000000004,81,98,6.24,1658948443
Gushikawa,26.3544,127.8686,81.62600000000003,88,0,3.33,1658948444
Omboué,-1.5746,9.2618,72.35599999999994,87,53,3.88,1658948444
Pangkalanbuun,-2.6833,111.6167,73.72399999999999,99,100,0.66,1658948444
Necochea,-38.5473,-58.7368,54.49999999999994,90,86,3.17,1658948445
Arrondissement de Cholet,47.1667,-1.0,74.44400000000002,32,56,2.58,1658948332
Narsaq,60.9167,-46.05,55.61599999999993,76,20,3.54,1658948445
Honiara,-9.4333,159.95,75.86599999999993,86,89,1.92,1658948446
Gemeente Wageningen,51.9667,5.6667,67.09999999999997,60,100,3.6,1658948202
Altenburg,50.9833,12.45,65.83999999999997,49,0,1.03,1658948446
La Ronge,55.1001,-105.2842,68.21599999999995,42,75,4.63,1658948271
Whitehorse,60.7161,-135.0538,59.089999999999975,58,100,1.54,1658948315
Omurtag,43.1,26.4167,73.92199999999997,45,0,2.45,1658948447
Kipushi,-11.7667,27.2333,60.241999999999905,43,74,1.75,1658948447
Warrington,53.3925,-2.5802,69.87200000000001,64,20,5.14,1658948447
Langxiang,46.95,128.8833,66.52399999999994,94,33,0.66,1658948448
Nanortalik,60.1432,-45.2371,44.31200000000001,83,76,1.83,1658948448
Maków Mazowiecki,52.8649,21.1005,65.89400000000006,50,10,2.91,1658948376
Cairns,-16.9167,145.7667,67.94599999999997,83,40,4.63,1658948448
Fitii,-16.7333,-151.0333,78.85399999999998,72,28,10.6,1658948449
